{"vocabulary": {"want": 59, "leave": 27, "building": 3, "exit": 14, "door": 10, "need": 36, "taxi": 53, "cab": 4, "uber": 55, "lyft": 31, "outside": 38, "main": 32, "gate": 19, "entrance": 12, "departure": 9, "end": 11, "navigation": 35, "stop": 51, "finish": 15, "start": 50, "hallway": 22, "lobby": 29, "center": 5, "hub": 24, "meeting": 33, "corridor": 8, "just": 25, "walking": 57, "passage": 40, "walkway": 58, "floor": 16, "area": 0, "middle": 34, "waiting": 56, "friend": 18, "hall": 21, "central": 6, "point": 42, "study": 52, "exam": 13, "test": 54, "books": 2, "papers": 39, "novels": 37, "looking": 30, "quiet": 44, "place": 41, "read": 45, "focus": 17, "research": 47, "project": 43, "homework": 23, "assignment": 1, "going": 20, "library": 28, "learn": 26, "space": 49, "concentrate": 7, "reading": 46, "room": 48}, "classes": ["entrance", "hallway_main", "library"], "priors": [-1.0986122886681098, -1.0986122886681098, -1.0986122886681098], "feature_probs": [[-4.382026634673881, -4.382026634673881, -4.382026634673881, -3.688879454113936, -3.688879454113936, -4.382026634673881, -4.382026634673881, -4.382026634673881, -4.382026634673881, -3.688879454113936, -3.688879454113936, -3.688879454113936, -3.688879454113936, -4.382026634673881, -3.688879454113936, -3.688879454113936, -4.382026634673881, -4.382026634673881, -4.382026634673881, -3.688879454113936, -4.382026634673881, -4.382026634673881, -4.382026634673881, -4.382026634673881, -4.382026634673881, -4.382026634673881, -4.382026634673881, -3.688879454113936, -4.382026634673881, -4.382026634673881, -4.382026634673881, -3.688879454113936, -3.688879454113936, -4.382026634673881, -4.382026634673881, -3.688879454113936, -3.688879454113936, -4.382026634673881, -3.688879454113936, -4.382026634673881, -4.382026634673881, -4.382026634673881, -4.382026634673881, -4.382026634673881, -4.382026634673881, -4.382026634673881, -4.382026634673881, -4.382026634673881, -4.382026634673881, -4.382026634673881, -3.688879454113936, -3.688879454113936, -4.382026634673881, -3.688879454113936, -4.382026634673881, -3.688879454113936, -4.382026634673881, -4.382026634673881, -4.382026634673881, -3.688879454113936], [-3.688879454113936, -4.382026634673881, -4.382026634673881, -4.382026634673881, -4.382026634673881, -3.688879454113936, -3.688879454113936, -4.382026634673881, -3.688879454113936, -4.382026634673881, -4.382026634673881, -4.382026634673881, -4.382026634673881, -4.382026634673881, -4.382026634673881, -4.382026634673881, -3.688879454113936, -4.382026634673881, -3.688879454113936, -4.382026634673881, -4.382026634673881, -3.688879454113936, -3.688879454113936, -4.382026634673881, -3.688879454113936, -3.688879454113936, -4.382026634673881, -4.382026634673881, -4.382026634673881, -3.688879454113936, -4.382026634673881, -4.382026634673881, -3.283414346005771, -3.688879454113936, -3.688879454113936, -4.382026634673881, -4.382026634673881, -4.382026634673881, -4.382026634673881, -4.382026634673881, -3.688879454113936, -4.382026634673881, -3.688879454113936, -4.382026634673881, -4.382026634673881, -4.382026634673881, -4.382026634673881, -4.382026634673881, -4.382026634673881, -4.382026634673881, -4.382026634673881, -4.382026634673881, -4.382026634673881, -4.382026634673881, -4.382026634673881, -4.382026634673881, -3.688879454113936, -3.688879454113936, -3.688879454113936, -4.382026634673881], [-4.430816798843313, -3.737669618283368, -3.737669618283368, -4.430816798843313, -4.430816798843313, -4.430816798843313, -4.430816798843313, -3.737669618283368, -4.430816798843313, -4.430816798843313, -4.430816798843313, -4.430816798843313, -4.430816798843313, -3.737669618283368, -4.430816798843313, -4.430816798843313, -4.430816798843313, -3.737669618283368, -4.430816798843313, -4.430816798843313, -3.737669618283368, -4.430816798843313, -4.430816798843313, -3.737669618283368, -4.430816798843313, -4.430816798843313, -3.737669618283368, -4.430816798843313, -3.737669618283368, -4.430816798843313, -3.737669618283368, -4.430816798843313, -4.430816798843313, -4.430816798843313, -4.430816798843313, -4.430816798843313, -3.3322045101752034, -3.737669618283368, -4.430816798843313, -3.737669618283368, -4.430816798843313, -3.737669618283368, -4.430816798843313, -3.737669618283368, -3.737669618283368, -3.737669618283368, -3.737669618283368, -3.737669618283368, -3.737669618283368, -3.737669618283368, -4.430816798843313, -4.430816798843313, -3.737669618283368, -4.430816798843313, -3.737669618283368, -4.430816798843313, -4.430816798843313, -4.430816798843313, -4.430816798843313, -4.430816798843313]]}